{"cameraMode":{"drawMode":0,"name":"Shaded","section":"Shading Mode"},"sceneLighting":false,"audioPlay":false,"sceneViewState":{"m_AlwaysRefresh":false,"showFog":true,"showSkybox":false,"showFlares":true,"showImageEffects":true,"showParticleSystems":true,"showVisualEffectGraphs":true,"m_FxEnabled":true},"in2DMode":false,"pivot":{"x":-4.164441108703613,"y":0.8953617215156555,"z":-7.692201137542725},"rotation":{"x":-0.08004433661699295,"y":-0.23747338354587556,"z":0.01960020512342453,"w":-0.9679057002067566},"size":0.000017320508050033823,"orthographic":false}