{"cameraMode":{"drawMode":0,"name":"Shaded","section":"Shading Mode"},"sceneLighting":false,"audioPlay":false,"sceneViewState":{"m_AlwaysRefresh":false,"showFog":true,"showSkybox":false,"showFlares":true,"showImageEffects":true,"showParticleSystems":true,"showVisualEffectGraphs":true,"m_FxEnabled":true},"in2DMode":false,"pivot":{"x":-38.134605407714847,"y":3.910749673843384,"z":-8.08029842376709},"rotation":{"x":-0.10331770777702332,"y":-0.0020849043503403665,"z":0.00017587920592632145,"w":-0.9946556687355042},"size":1.2082715034484864,"orthographic":false}